"owner","section","slot","player_id","player_name"
"Ali","hitting","C","669221","Sean Murphy"
"Ali","hitting","1B","547180","Bryce Harper"
"Ali","hitting","2B","645277","Ozzie Albies"
"Ali","hitting","3B","592518","Manny Machado"
"Ali","hitting","SS","607208","Trea Turner"
"Ali","hitting","OF","691718","Pete Crow-Armstrong"
"Ali","hitting","OF","670541","Yordan Alvarez"
"Ali","hitting","OF","665487","Fernando Tatis Jr."
"Ali","hitting","Util","656941","Kyle Schwarber"
"Ali","hitting","Util","608070","José Ramírez"
"Ali","pitching","SP","650911","Cristopher Sánchez"
"Ali","pitching","SP","666200","Jesús Luzardo"
"Ali","pitching","RP","623352","Josh Hader"
"Ali","pitching","RP","547973","Aroldis Chapman"
"Ali","pitching","P","669330","Tyler Wells"
"Ali","pitching","P","681911","Alex Vesia"
"Baker","hitting","C","668939","Adley Rutschman"
"Baker","hitting","1B","664034","Ty France"
"Baker","hitting","2B","680700","Richie Palacios"
"Baker","hitting","3B","691406","Junior Caminero"
"Baker","hitting","SS","593428","Xander Bogaerts"
"Baker","hitting","OF","606192","Teoscar Hernández"
"Baker","hitting","OF","802415","Chandler Simpson"
"Baker","hitting","OF","592450","Aaron Judge"
"Baker","hitting","Util","676609","José Caballero"
"Baker","hitting","Util","702332","Caleb Durbin"
"Baker","pitching","SP","808967","Yoshinobu Yamamoto"
"Baker","pitching","SP","608331","Max Fried"
"Baker","pitching","RP","656945","Tanner Scott"
"Baker","pitching","RP","628452","Raisel Iglesias"
"Baker","pitching","P","650633","Michael King"
"Baker","pitching","P","554430","Zack Wheeler"
"Brian","hitting","C","689414","Liam Hicks"
"Brian","hitting","1B","683737","Michael Busch"
"Brian","hitting","2B","668930","Brice Turang"
"Brian","hitting","3B","571970","Max Muncy"
"Brian","hitting","SS","677587","Brayan Rocchio"
"Brian","hitting","OF","663656","Kyle Tucker"
"Brian","hitting","OF","680757","Steven Kwan"
"Brian","hitting","OF","666176","Jo Adell"
"Brian","hitting","Util","650490","Yandy Díaz"
"Brian","hitting","Util","514888","Jose Altuve"
"Brian","pitching","SP","642547","Freddy Peralta"
"Brian","pitching","SP","686613","Hunter Brown"
"Brian","pitching","RP","671922","Cade Smith"
"Brian","pitching","RP","656492","Foster Griffin"
"Brian","pitching","P","684007","Shota Imanaga"
"Brian","pitching","P","571510","Matthew Boyd"
"Mitch","hitting","C","669257","Will Smith"
"Mitch","hitting","1B","575929","Willson Contreras"
"Mitch","hitting","2B","683953","Travis Bazzana"
"Mitch","hitting","3B","608324","Alex Bregman"
"Mitch","hitting","SS","605141","Mookie Betts"
"Mitch","hitting","OF","673548","Seiya Suzuki"
"Mitch","hitting","OF","592885","Christian Yelich"
"Mitch","hitting","OF","643289","Mauricio Dubón"
"Mitch","hitting","Util","669392","Samad Taylor"
"Mitch","hitting","Util","664023","Ian Happ"
"Mitch","pitching","SP","669373","Tarik Skubal"
"Mitch","pitching","SP","701656","Logan Henderson"
"Mitch","pitching","RP","695243","Mason Miller"
"Mitch","pitching","RP","680732","Sean Burke"
"Mitch","pitching","P","543037","Gerrit Cole"
"Mitch","pitching","P","543243","Sonny Gray"
"Reed","hitting","C","661388","William Contreras"
"Reed","hitting","1B","700250","Ben Rice"
"Reed","hitting","2B","630105","Jake Cronenworth"
"Reed","hitting","3B","670623","Isaac Paredes"
"Reed","hitting","SS","621020","Dansby Swanson"
"Reed","hitting","OF","677800","Wilyer Abreu"
"Reed","hitting","OF","669003","Garrett Mitchell"
"Reed","hitting","OF","800543","Josue De Paula"
"Reed","hitting","Util","621566","Matt Olson"
"Reed","hitting","Util","641343","Jake Bauers"
"Reed","pitching","SP","676879","Aaron Ashby"
"Reed","pitching","SP","675660","Shane Drohan"
"Reed","pitching","RP","656730","Trevor Megill"
"Reed","pitching","RP","682842","Abner Uribe"
"Reed","pitching","P","669084","DL Hall"
"Reed","pitching","P","621242","Edwin Díaz"
"Russ","hitting","C","608348","Carson Kelly"
"Russ","hitting","1B","518692","Freddie Freeman"
"Russ","hitting","2B","671277","Luis García Jr."
"Russ","hitting","3B","665862","Jazz Chisholm Jr."
"Russ","hitting","SS","806198","Cooper Pratt"
"Russ","hitting","OF","660670","Ronald Acuña Jr."
"Russ","hitting","OF","671739","Michael Harris II"
"Russ","hitting","OF","678882","Ceddanne Rafaela"
"Russ","hitting","Util","682657","Angel Martínez"
"Russ","hitting","Util","683734","Andrew Vaughn"
"Russ","pitching","SP","694819","Jacob Misiorowski"
"Russ","pitching","SP","607192","Tyler Glasnow"
"Russ","pitching","RP","670280","David Bednar"
"Russ","pitching","RP","643377","Griffin Jax"
"Russ","pitching","P","519242","Chris Sale"
"Russ","pitching","P","800048","Parker Messick"
"Steve","hitting","C","672275","Patrick Bailey"
"Steve","hitting","1B","666018","Jonathan Aranda"
"Steve","hitting","2B","663538","Nico Hoerner"
"Steve","hitting","3B","808959","Munetaka Murakami"
"Steve","hitting","SS","665161","Jeremy Peña"
"Steve","hitting","OF","800050","Chase DeLauter"
"Steve","hitting","OF","641355","Cody Bellinger"
"Steve","hitting","OF","701538","Jackson Merrill"
"Steve","hitting","Util","660271","Shohei Ohtani"
"Steve","hitting","Util","571771","Enrique Hernández"
"Steve","pitching","SP","693645","Cam Schlittler"
"Steve","pitching","SP","801139","Payton Tolle"
"Steve","pitching","RP","661395","Jhoan Duran"
"Steve","pitching","RP","670970","Adrian Morejon"
"Steve","pitching","P","693855","Ian Seymour"
"Steve","pitching","P","668909","Gavin Williams"
"Tim","hitting","C","686948","Drake Baldwin"
"Tim","hitting","1B","572233","Christian Walker"
"Tim","hitting","2B","669242","Tommy Edman"
"Tim","hitting","3B","678246","Miguel Vargas"
"Tim","hitting","SS","666152","David Hamilton"
"Tim","hitting","OF","694192","Jackson Chourio"
"Tim","hitting","OF","681624","Andy Pages"
"Tim","hitting","OF","676356","Jonny DeLuca"
"Tim","hitting","Util","805367","Chase Meidroth"
"Tim","hitting","Util","681082","Bryson Stott"
"Tim","pitching","SP","656876","Drew Rasmussen"
"Tim","pitching","SP","605483","Blake Snell"
"Tim","pitching","RP","641329","Bryan Baker"
"Tim","pitching","RP","691799","Grant Taylor"
"Tim","pitching","P","607259","Nick Martinez"
"Tim","pitching","P","694037","Daniel Palencia"
